Date,GN,SP 500,MSCI World
3/28/2023,"140,7","3971,27","2,704.76"
3/27/2023,"143,4","3977,53","2,702.42"
3/24/2023,"146,7","3970,99","2,692.55"
3/23/2023,"145,2","3948,72","2,696.85"
3/22/2023,"143,6","3936,97","2,686.13"
3/21/2023,"143,2","4002,87","2,711.84"
3/20/2023,"143,6","3951,57","2,678.29"
3/17/2023,"147,75","3916,64","2,656.19"
3/16/2023,"142,8","3960,28","2,677.99"
3/15/2023,"146,35","3891,93","2,638.46"
3/14/2023,"144,5","3919,29","2,674.36"
3/13/2023,"147,55","3855,76","2,643.64"
3/10/2023,"152,35","3861,59","2,657.41"
3/9/2023,"157,55","3918,32","2,691.17"
3/8/2023,"154,7","3992,01","2,725.23"
3/7/2023,"156,7","3986,37","2,724.80"
3/6/2023,"157,75","4048,42","2,764.64"
3/3/2023,"157,45","4045,64","2,757.97"
3/2/2023,"148,7","3981,35","2,719.68"
3/1/2023,"145,55","3951,39","2,706.79"
2/28/2023,"152,4","3970,15","2,714.57"
2/27/2023,"151,4","3982,24","2,721.63"
2/24/2023,"152,15","3970,04","2,706.91"
2/23/2023,"154,7","4012,32","2,737.41"
2/22/2023,"155,4","3991,05","2,730.88"
2/21/2023,"161,8","3997,34","2,740.38"
2/20/2023,"165,6","4079,09","2,783.26"
2/17/2023,"165,5","4090,41","2,779.88"
2/16/2023,"167,45","4147,6","2,790.63"
2/15/2023,"163,95","4136,13","2,815.45"
2/14/2023,"161,45","4137,29","2,812.53"
2/13/2023,"160,65","4090,46","2,810.04"
2/10/2023,"167,65","4081,5","2,783.91"
2/9/2023,170,"4117,86","2,790.53"
2/8/2023,195,4164,"2,801.96"
2/7/2023,"190,35","4111,08","2,820.49"
2/6/2023,"184,8","4136,48","2,793.59"
2/3/2023,"189,75","4179,76","2,820.73"
2/2/2023,"186,85","4119,21","2,847.82"
2/1/2023,176,"4076,6","2,809.94"
1/31/2023,"167,8","4017,77","2,785.00"
1/30/2023,"175,35","4070,56","2,759.32"
1/27/2023,177,"4060,43","2,785.84"
1/26/2023,"183,55","4016,22","2,777.62"
1/25/2023,"166,1","4016,95","2,756.73"
1/24/2023,"172,5","4019,81","2,755.96"
1/23/2023,"170,55","3972,61","2,754.96"
1/20/2023,"170,55","3898,85","2,725.40"
1/19/2023,"173,15","3928,86","2,685.32"
1/18/2023,"179,3","3990,97","2,713.54"
1/17/2023,179,"3999,09","2,736.45"
1/16/2023,"178,15","3983,17","2,735.88"
1/13/2023,"171,85","3969,61","2,735.72"
1/12/2023,"168,2","3919,25","2,720.09"
1/11/2023,"179,25","3892,09","2,700.75"
1/10/2023,"171,4","3895,08","2,671.20"
1/9/2023,"176,45","3808,1","2,663.17"
1/6/2023,"170,9","3852,97","2,649.76"
1/5/2023,"171,5","3824,14","2,594.69"
1/4/2023,"171,05","3839,5","2,624.35"
1/3/2023,"170,7","3849,28","2,600.91"
1/2/2023,171,"3783,22","2,607.25"
12/30/2022,"159,75","3829,25","2,602.69"
12/29/2022,"160,35","3844,82","2,611.98"
12/28/2022,"154,4","3822,39","2,575.16"
12/27/2022,"151,75","3878,44","2,600.94"
12/23/2022,"152,65","3821,62","2,605.48"
12/22/2022,148,"3817,66","2,605.19"
12/21/2022,"147,75","3852,36","2,595.25"
12/20/2022,"147,2","3895,75","2,626.92"
12/19/2022,"150,15","3995,32","2,592.86"
12/16/2022,"148,5","4019,65","2,585.89"
12/15/2022,"160,7","3990,56","2,606.01"
12/14/2022,166,"3934,38","2,636.91"
12/13/2022,"168,3","3963,51","2,705.31"
12/12/2022,"161,3","3933,92","2,715.49"
12/9/2022,"162,15","3941,26","2,683.56"
12/8/2022,"160,95","3998,84","2,662.86"
12/7/2022,"162,05","4071,7","2,670.27"
12/6/2022,168,"4076,57","2,654.34"
12/5/2022,"177,1","4080,11","2,662.07"
12/2/2022,"180,55","3957,63","2,696.30"
12/1/2022,"177,4","3963,94","2,733.03"
11/30/2022,"168,9","4026,12","2,741.08"
11/29/2022,"168,3","4027,26","2,720.89"
11/28/2022,"170,7","4003,58","2,663.25"
11/25/2022,"172,15","3949,94","2,668.44"
11/24/2022,"172,25","3965,34","2,703.67"
11/23/2022,"167,4","3946,56","2,706.01"
11/22/2022,"164,1","3958,79","2,697.39"
11/21/2022,165,"3991,73","2,675.46"
11/18/2022,"173,3","3957,25","2,640.44"
11/17/2022,"171,65","3992,93","2,658.90"
11/16/2022,"171,6","3956,37","2,642.34"
11/15/2022,"179,05","3748,57","2,657.58"
11/14/2022,"189,1","3828,11","2,678.23"
11/11/2022,"183,5","3806,8","2,653.94"
11/10/2022,"179,3","3770,55","2,674.08"
11/9/2022,"173,2","3719,89","2,636.55"
11/8/2022,"174,5","3759,69","2,509.77"
11/7/2022,172,"3856,1","2,554.87"
11/4/2022,"169,7","3871,98","2,533.63"
11/3/2022,"158,4","3901,06","2,507.22"
11/2/2022,"160,7","3807,3","2,467.89"
11/1/2022,"172,45","3830,6","2,499.78"
10/31/2022,"160,2","3859,11","2,546.40"
10/28/2022,"165,25","3797,34","2,547.72"
10/27/2022,"161,55","3752,75","2,561.04"
10/26/2022,"165,15","3665,78","2,523.59"
10/25/2022,"158,65","3695,16","2,535.67"
10/24/2022,"155,2","3719,98","2,537.54"
10/21/2022,"151,8","3677,95","2,493.06"
10/20/2022,"151,25","3583,07","2,462.42"
10/19/2022,"149,8","3669,91","2,429.26"
10/18/2022,"155,3","3577,03","2,439.30"
10/17/2022,"146,5","3588,84","2,457.86"
10/14/2022,"144,75","3612,39","2,431.84"
10/13/2022,"134,6","3639,66","2,376.64"
10/12/2022,"127,2","3744,52","2,411.69"
10/11/2022,"123,65","3783,28","2,367.69"
10/10/2022,"124,4","3790,93","2,376.29"
10/7/2022,"122,4","3678,43","2,395.61"
10/6/2022,123,"3585,62","2,417.72"
10/5/2022,"124,55","3640,47","2,478.42"
10/4/2022,"136,8","3719,04","2,500.08"
10/3/2022,"130,45","3647,29","2,511.72"
9/30/2022,"134,1","3655,04","2,429.91"
9/29/2022,"134,4","3693,23","2,378.65"
9/28/2022,"145,55","3757,99","2,401.32"
9/27/2022,"151,3","3789,93","2,438.78"
9/26/2022,"155,8","3855,93","2,403.88"
9/23/2022,"153,75","3899,89","2,408.44"
9/22/2022,"158,2","3873,33","2,438.50"
9/21/2022,"170,25","3901,35","2,489.36"
9/20/2022,"177,05","3946,01","2,516.59"
9/19/2022,"184,95","3932,69","2,554.02"
9/16/2022,"190,3","4110,41","2,580.55"
9/15/2022,"205,3","4067,36","2,569.29"
9/14/2022,"207,5","4006,18","2,592.00"
9/13/2022,"209,3","3979,87","2,617.84"
9/12/2022,"221,9","3908,19","2,619.50"
9/9/2022,"220,5","3924,26","2,719.01"
9/8/2022,"213,4","3966,85","2,682.90"
9/7/2022,"210,5",3955,"2,636.17"
9/6/2022,"210,2","3986,16","2,614.10"
9/5/2022,"205,9","4030,61","2,584.97"
9/2/2022,"211,9","4057,66","2,596.70"
9/1/2022,"200,5","4199,12","2,605.21"
8/31/2022,"210,3","4140,77","2,610.25"
8/30/2022,213,"4128,73","2,627.32"
8/29/2022,209,"4137,99","2,645.37"
8/26/2022,"215,4","4228,48","2,668.79"
8/25/2022,226,"4283,74","2,694.62"
8/24/2022,"226,6","4274,04","2,768.48"
8/23/2022,231,"4305,2","2,736.01"
8/22/2022,"233,5","4297,14","2,730.35"
8/19/2022,"246,7","4280,15","2,736.10"
8/18/2022,"245,1","4207,27","2,787.71"
8/17/2022,"235,4","4210,24","2,826.41"
8/16/2022,"236,9","4122,47","2,822.87"
8/15/2022,"254,9","4140,06","2,844.42"
8/12/2022,"253,8","4145,19","2,842.48"
8/11/2022,"247,8","4151,94","2,834.51"
8/10/2022,"241,6","4155,17","2,802.23"
8/9/2022,"239,5","4091,19","2,803.37"
8/8/2022,"260,3","4118,63","2,743.62"
8/5/2022,"259,2","4130,29","2,758.72"
8/4/2022,266,"4072,43","2,752.06"
8/3/2022,256,"4023,61","2,761.65"
8/2/2022,"248,5","3921,05","2,755.25"
8/1/2022,"255,1","3966,84","2,728.30"
7/29/2022,"252,5","3961,63","2,749.26"
7/28/2022,"247,2","3998,95","2,746.36"
7/27/2022,236,"3959,9","2,709.82"
7/26/2022,"234,3","3936,69","2,675.08"
7/25/2022,"240,4","3830,85","2,624.49"
7/22/2022,"254,7","3863,16","2,651.22"
7/21/2022,"255,3","3790,38","2,650.82"
7/20/2022,"246,9","3801,78","2,663.84"
7/19/2022,"241,7","3818,8","2,643.93"
7/18/2022,"239,4","3854,43","2,628.34"
7/15/2022,"236,2","3899,38","2,567.68"
7/14/2022,"226,3","3902,62","2,568.64"
7/13/2022,"230,6","3845,08","2,520.92"
7/12/2022,236,"3831,39","2,544.68"
7/11/2022,"242,4","3825,33","2,554.18"
7/8/2022,"253,2","3785,38","2,572.33"
7/7/2022,"244,9","3818,83","2,603.62"
7/6/2022,"242,1","3821,55","2,602.03"
7/5/2022,"245,1","3900,11","2,561.20"
7/4/2022,"250,7","3911,74","2,553.95"
7/1/2022,259,"3795,73","2,567.87"
6/30/2022,"248,7","3759,89","2,559.95"
6/29/2022,250,"3764,79","2,546.19"
6/28/2022,"250,4","3674,84","2,574.45"
6/27/2022,"243,7","3666,77","2,584.26"
6/24/2022,"244,2","3789,99","2,623.20"
6/23/2022,"225,9","3735,48","2,619.48"
6/22/2022,"224,4","3749,63","2,549.05"
6/21/2022,"223,1","3900,86","2,537.26"
6/20/2022,"223,6","4017,82","2,543.36"
6/17/2022,"218,2","4115,77","2,494.99"
6/16/2022,"221,6","4160,68","2,485.77"
6/15/2022,"240,1","4121,43","2,490.54"
6/14/2022,"237,1","4108,54","2,556.67"
6/13/2022,"246,3","4176,82","2,525.88"
6/10/2022,"251,5","4101,23","2,545.04"
6/9/2022,"263,5","4132,15","2,641.69"
6/8/2022,"269,6","4158,24","2,721.85"
6/7/2022,"268,5","4057,84","2,783.29"
6/3/2022,"265,7","3978,73","2,805.32"
6/2/2022,"265,5","3941,48","2,789.83"
6/1/2022,"266,9","3973,75","2,779.06"
5/31/2022,"273,5","3901,36","2,814.03"
5/30/2022,"286,2","3900,79","2,770.43"
5/25/2022,"256,1","3923,68","2,791.01"
5/24/2022,"258,1","4088,85","2,814.74"
5/23/2022,"232,2","4008,01","2,802.59"
5/20/2022,"238,5","4023,89","2,743.96"
5/19/2022,"231,6","3930,08","2,700.09"
5/18/2022,"232,1","3935,18","2,680.46"
5/17/2022,"246,3","4001,05","2,702.25"
5/16/2022,"243,3","3991,24","2,655.91"
5/12/2022,"226,8","4123,34","2,651.55"
5/11/2022,"223,9","4146,87","2,665.06"
5/10/2022,"221,8","4300,17","2,746.82"
5/9/2022,"216,9","4175,48","2,693.95"
5/6/2022,"229,5","4155,38","2,701.33"
5/5/2022,"236,3","4131,93","2,639.75"
5/4/2022,"256,5","4287,5","2,652.59"
5/3/2022,"260,9","4183,96","2,677.25"
5/2/2022,"264,2","4175,2","2,671.83"
4/29/2022,"268,8","4296,12","2,762.21"
4/28/2022,"265,8","4271,78","2,784.12"
4/27/2022,266,"4393,66","2,864.43"
4/26/2022,"268,9","4459,45","2,809.82"
4/25/2022,"275,6","4462,21","2,796.33"
4/22/2022,"274,5","4391,69","2,795.62"
4/21/2022,"284,9","4392,59","2,861.55"
4/20/2022,"283,6","4446,59","2,807.51"
4/19/2022,"279,5","4397,45","2,811.00"
4/13/2022,"276,3","4412,53","2,877.70"
4/12/2022,280,"4488,28","2,882.45"
4/11/2022,"287,2","4500,21","2,959.92"
4/8/2022,"292,8","4481,15","2,994.64"
4/7/2022,"297,3","4525,12","2,984.70"
4/6/2022,"295,1","4582,64","2,954.15"
4/5/2022,"319,7","4545,86","2,959.67"
4/4/2022,327,"4530,41","2,960.64"
4/1/2022,330,"4602,45","2,985.07"
3/31/2022,"332,7","4631,6","2,959.78"
3/30/2022,"332,7","4575,52","2,972.40"
3/29/2022,"336,1","4543,06","3,012.19"
3/28/2022,"327,2","4520,16","3,014.08"
3/25/2022,"308,1","4456,24","3,012.24"
3/24/2022,"314,8","4511,61","3,049.39"
3/23/2022,315,"4461,18","3,081.38"
3/22/2022,"328,9","4463,12","3,057.07"
3/21/2022,"334,8","4411,67","3,053.07"
3/18/2022,333,"4357,86","3,096.67"
3/17/2022,332,"4262,45","3,110.81"
3/16/2022,"337,3","4173,11","3,061.63"
3/15/2022,"312,5","4204,31","3,049.11"
3/14/2022,311,"4259,52","3,041.48"
3/11/2022,"302,8","4277,88","3,012.79"
3/10/2022,"295,5","4170,7","3,040.37"
3/9/2022,"308,2","4201,09","3,010.08"
3/8/2022,"298,5","4328,87","3,010.59"
3/7/2022,"314,5","4363,49","2,981.31"
3/4/2022,324,"4386,54","2,936.33"
3/3/2022,"333,7","4306,26","2,865.89"
3/2/2022,"329,4","4373,94","2,826.49"
3/1/2022,"338,6","4384,65","2,840.04"
2/28/2022,"350,5","4288,7","2,871.52"
2/25/2022,"331,1","4225,5","2,881.78"
2/24/2022,"328,7","4304,76","2,797.70"
2/23/2022,"331,6","4348,87","2,819.54"
2/22/2022,"338,6","4380,26","2,896.52"
2/21/2022,"331,2","4475,01","2,942.45"
2/18/2022,"332,9","4471,07","2,964.24"
2/17/2022,"351,3","4401,67","2,930.76"
2/16/2022,"371,8","4418,64","2,977.95"
2/15/2022,"367,6","4504,08","2,980.20"
2/14/2022,366,"4587,18","2,905.94"
2/11/2022,"381,1","4521,54","2,909.33"
2/10/2022,375,"4483,87","2,949.64"
2/9/2022,"376,8","4500,53","2,975.91"
2/8/2022,363,"4477,44","2,983.59"
2/7/2022,"379,2","4589,38","3,009.09"
2/4/2022,388,"4546,54","3,060.29"
2/3/2022,"383,8","4515,55","3,054.26"
2/2/2022,"403,8","4431,85","3,011.45"
2/1/2022,"396,5","4326,51","3,039.18"
1/31/2022,"397,6","4349,93","3,087.98"
1/28/2022,"386,4","4356,45","3,124.93"
1/27/2022,395,"4410,13","3,077.13"
1/26/2022,"395,3","4397,94","3,059.44"
1/25/2022,"373,2","4482,73","3,061.46"
1/24/2022,368,"4532,76","3,052.50"
1/21/2022,"396,4","4577,11","3,113.84"
1/20/2022,395,"4662,85","3,086.62"
1/19/2022,389,"4659,03","3,059.05"
1/18/2022,"381,6","4726,35","3,005.63"
1/17/2022,394,"4713,07","2,955.34"
1/14/2022,"389,8","4670,29","2,979.70"
1/13/2022,"387,2","4677,03","2,975.48"
1/12/2022,"392,5","4696,05","3,005.52"
1/11/2022,"391,9","4700,58","3,025.10"
1/10/2022,"376,3","4793,54","3,082.25"
1/7/2022,391,"4796,56","3,098.60"
1/6/2022,"395,8","4766,18","3,124.21"
1/5/2022,"414,7","4778,73","3,176.19"
1/4/2022,"410,8","4793,06","3,173.12"
1/3/2022,"415,8","4786,35","3,182.06"
12/30/2021,"411,3","4791,19","3,214.19"
12/29/2021,"412,4","4725,79","3,193.39"
12/28/2021,"405,8","4696,56","3,166.14"
12/27/2021,"411,6","4649,23","3,177.54"
12/23/2021,"401,3","4568,02","3,184.62"
12/22/2021,"400,3","4620,64","3,203.03"
12/21/2021,"385,4","4668,67","3,248.12"
12/20/2021,"383,3","4709,85","3,241.43"
12/17/2021,"400,2","4634,09","3,231.73"
12/16/2021,"389,5","4668,97","3,237.07"
12/15/2021,"385,8","4712,02","3,243.95"
12/14/2021,"374,7","4667,45","3,239.28"
12/13/2021,"385,6","4701,21","3,237.70"
12/10/2021,385,"4686,75","3,206.85"
12/9/2021,"382,5","4591,67","3,206.08"
12/8/2021,"379,4","4538,43","3,183.62"
12/7/2021,"379,7","4577,1","3,152.31"
12/6/2021,"359,3","4513,04","3,100.50"
12/3/2021,"359,1",4567,"3,139.75"
12/2/2021,"370,7","4655,27","3,167.33"
12/1/2021,"373,4","4594,62","3,175.11"
11/30/2021,377,"4701,46","3,138.06"
11/29/2021,"385,6","4690,7","3,162.00"
11/26/2021,"397,1","4682,94","3,188.26"
11/25/2021,"398,8","4697,96","3,172.49"
11/24/2021,393,"4704,54","3,196.39"
11/23/2021,383,"4688,67","3,184.17"
11/22/2021,"399,1","4700,9","3,117.31"
11/19/2021,"407,8","4682,8","3,086.44"
11/18/2021,"399,5","4682,85","3,111.17"
11/17/2021,403,"4649,27","3,087.98"
11/16/2021,"397,5","4646,71","3,101.80"
11/15/2021,"387,3","4685,25","3,155.73"
11/12/2021,"397,2","4701,7","3,131.98"
11/11/2021,"395,2","4697,53","3,202.44"
11/10/2021,398,"4680,06","3,198.12"
11/9/2021,"406,8","4660,57","3,196.88"
11/8/2021,"403,9","4630,65","3,201.49"
11/5/2021,"400,6","4613,67","3,219.90"
11/4/2021,"412,7","4605,38","3,226.37"
11/3/2021,"413,1","4596,42","3,221.03"
11/2/2021,"423,6","4551,68","3,230.01"
11/1/2021,"411,6","4574,79","3,226.45"
10/29/2021,"390,5","4566,48","3,223.82"
10/28/2021,"425,8","4544,9","3,201.99"
10/27/2021,"422,7","4549,78","3,201.57"
10/26/2021,423,"4536,19","3,227.80"
10/25/2021,"426,1","4519,63","3,237.44"
10/22/2021,"421,4","4486,46","3,232.26"
10/21/2021,"416,6","4471,37","3,224.63"
10/20/2021,"420,2","4438,26","3,212.35"
10/19/2021,"416,2","4363,8","3,195.67"
10/18/2021,"409,2","4350,65","3,190.54"
10/15/2021,"413,8","4361,19","3,174.73"
10/14/2021,"411,4","4391,34","3,179.44"
10/13/2021,"414,3","4399,76","3,152.05"
10/12/2021,415,"4363,55","3,167.44"
10/11/2021,"414,1","4345,72","3,159.88"
10/8/2021,420,"4300,46","3,151.16"
10/7/2021,"429,2","4357,04","3,152.33"
10/6/2021,"432,2","4307,54","3,147.70"
10/5/2021,"406,4","4359,46","3,136.19"
10/4/2021,"437,2","4352,63","3,114.01"
10/1/2021,"446,6","4443,11","3,109.47"
9/30/2021,"445,1","4455,48","3,084.59"
9/29/2021,"447,5","4448,98","3,039.01"
9/28/2021,"446,2","4395,64","3,024.72"
9/27/2021,"465,1","4354,19","3,031.57"
9/24/2021,"474,2","4357,73","3,043.74"
9/23/2021,"483,3","4432,99","3,046.57"
9/22/2021,"480,8","4473,75","3,015.95"
9/21/2021,"484,6","4480,7","3,016.19"
9/20/2021,"474,9","4443,05","2,992.89"
9/17/2021,485,"4468,73","3,022.83"
9/16/2021,"480,4","4458,58","3,006.60"
9/15/2021,"475,1","4493,28","3,028.75"
9/14/2021,"478,5","4514,07","3,032.70"
9/13/2021,"470,2","4520,03","3,095.56"
9/10/2021,480,"4535,43","3,103.53"
9/9/2021,"491,4","4536,95","3,106.42"
9/8/2021,"499,5","4524,09","3,074.35"
9/7/2021,496,"4522,68","3,049.68"
9/6/2021,"493,7","4528,79","3,046.20"
9/3/2021,487,"4509,37","3,096.61"
9/2/2021,"487,4",4470,"3,122.57"
9/1/2021,480,"4496,19","3,127.71"
8/31/2021,"473,9","4486,23","3,116.08"
8/30/2021,"479,9","4479,53","3,126.10"
8/27/2021,"475,4","4441,67","3,122.07"
8/26/2021,467,"4405,8","3,136.04"
8/25/2021,"467,1","4400,27","3,146.96"
8/24/2021,465,"4448,08","3,158.94"
8/23/2021,478,"4479,71","3,169.64"
8/20/2021,"468,3",4468,"3,163.99"
8/19/2021,"473,5","4460,83","3,161.46"
8/18/2021,540,"4447,7","3,151.66"
8/17/2021,533,"4436,75","3,141.35"
8/16/2021,"518,8","4432,35","3,146.63"
8/13/2021,524,"4436,52","3,133.67"
8/12/2021,"528,8","4429,1","3,110.27"
8/11/2021,"549,2","4402,66","3,125.83"
8/10/2021,"550,8","4423,15","3,122.00"
8/9/2021,556,"4387,16","3,112.57"
8/6/2021,559,"4395,26","3,080.02"
8/5/2021,"563,8","4419,15","3,063.22"
8/4/2021,"568,4","4400,64","3,078.01"
8/3/2021,"566,6","4401,46","3,100.12"
8/2/2021,"552,8","4422,3","3,121.99"
7/30/2021,"549,6","4411,79","3,125.12"
7/29/2021,"551,4","4367,48","3,115.74"
7/28/2021,565,"4358,69","3,109.97"
7/27/2021,"572,6","4323,06","3,099.49"
7/26/2021,"574,4","4258,49","3,097.06"
7/23/2021,"581,6","4327,16","3,098.06"
7/22/2021,"577,6","4360,03","3,102.23"
7/21/2021,"565,8","4374,3","3,085.83"
7/20/2021,556,"4369,21","3,092.51"
7/19/2021,"562,6","4384,63","3,077.11"
7/16/2021,"566,2","4369,55","3,069.25"
7/15/2021,"563,6","4320,82","3,089.82"
7/14/2021,575,"4358,13","3,069.49"
7/13/2021,"573,4","4343,54","3,068.87"
7/12/2021,"568,2","4352,34","3,080.40"
7/9/2021,"551,4","4319,94","3,072.38"
7/8/2021,"582,6","4297,5","3,046.60"
7/7/2021,"586,2","4291,8","3,036.73"
7/6/2021,570,"4290,61","3,005.86"
7/5/2021,562,"4280,7","2,975.55"
7/2/2021,"561,2","4266,49","3,024.65"
7/1/2021,"556,4","4241,84","3,043.52"
6/30/2021,"547,8","4246,44","3,058.59"
6/29/2021,"556,8","4224,79","3,059.28"
6/28/2021,"556,2","4166,45","3,068.27"
6/25/2021,"545,6","4221,86","3,053.12"
6/24/2021,"546,6","4223,7","3,022.24"
6/23/2021,"538,8","4246,59","3,049.66"
6/22/2021,"550,8","4255,15","3,042.63"
6/21/2021,536,"4247,44","3,049.84"
6/18/2021,"543,8","4239,18","3,046.09"
6/17/2021,"539,6","4219,55","3,028.20"
6/16/2021,"534,4","4227,26","3,017.23"
6/15/2021,"534,6","4226,52","3,024.44"
6/14/2021,"521,2","4229,89","3,025.22"
6/11/2021,516,"4192,85","3,024.94"
6/10/2021,"520,4","4208,12","3,013.36"
6/9/2021,"529,8","4202,04","2,998.00"
6/8/2021,"515,4","4204,11","3,001.14"
6/7/2021,"507,2","4200,88","2,982.11"
6/4/2021,"505,8","4195,99","2,954.19"
6/3/2021,"500,4","4188,13","2,996.51"
6/2/2021,"506,8","4197,05","3,008.48"
6/1/2021,520,"4155,86","3,017.27"
5/31/2021,517,"4159,12","3,019.88"
5/28/2021,519,"4115,68","3,012.67"
5/27/2021,512,"4127,83","3,007.46"
5/26/2021,520,"4163,29","2,996.64"
5/25/2021,"514,8","4173,85","3,001.83"
5/21/2021,515,"4112,5","3,000.97"
5/20/2021,"503,6","4063,04","2,997.36"
5/19/2021,"491,4","4152,1","2,972.87"
5/18/2021,"496,9","4188,43","2,985.97"
5/17/2021,"490,1","4232,6","2,982.02"
5/12/2021,"475,1","4201,62","2,975.70"
5/11/2021,"486,9","4167,59","2,979.30"
5/10/2021,504,"4164,66","2,970.64"
5/7/2021,520,"4192,66","2,969.51"
5/6/2021,"505,8","4181,17","2,965.51"
5/5/2021,"543,2","4211,47","2,966.44"
5/4/2021,"541,4","4183,18","2,943.13"
5/3/2021,"566,2","4186,72","2,942.21"
4/29/2021,"558,4","4187,62","2,910.94"
4/28/2021,"558,2","4180,17","2,928.68"
4/27/2021,"566,8","4134,98","2,934.18"
4/26/2021,"563,6","4173,42","2,938.63"
4/23/2021,"559,6","4134,94","2,892.48"
4/22/2021,"554,8","4163,26","2,876.79"
4/21/2021,541,"4185,47","2,928.33"
4/20/2021,"531,4","4170,42","2,961.57"
4/19/2021,535,"4124,66","2,979.41"
4/16/2021,"545,2","4141,59","2,952.03"
4/15/2021,"542,8","4127,99","2,932.84"
4/14/2021,"538,8","4128,8","2,922.50"
4/13/2021,532,"4097,17","2,948.67"
4/12/2021,"515,8","4079,95","2,938.76"
4/9/2021,"525,2","4073,94","2,963.31"
4/8/2021,"517,8","4077,91","2,951.88"
4/7/2021,"506,6","4019,87","2,952.01"
4/6/2021,514,"3972,89","2,956.13"
3/31/2021,"499,4","3958,55","2,946.11"
3/30/2021,494,"3971,09","2,923.91"
3/29/2021,"510,4","3974,54","2,932.98"
3/26/2021,"507,6","3909,52","2,915.78"
3/25/2021,"491,6","3889,14","2,944.05"
3/24/2021,"488,1","3910,52","2,953.35"
3/23/2021,"491,8","3940,59","2,941.75"
3/22/2021,"479,7","3913,1","2,913.53"
3/19/2021,"474,7","3915,46","2,918.19"
3/18/2021,"480,3","3974,12","2,907.25"
3/17/2021,"476,4","3962,71","2,910.10"
3/16/2021,"487,6","3968,94","2,895.61"
3/15/2021,"475,1","3943,34","2,881.15"
3/12/2021,463,"3939,34","2,876.23"
3/11/2021,"471,7","3898,81","2,872.97"
3/10/2021,"460,2","3875,44","2,841.89"
3/9/2021,465,"3821,35","2,840.19"
3/8/2021,"452,5","3841,94","2,811.70"
3/5/2021,"453,2","3768,47","2,805.10"
3/4/2021,"474,7","3819,72","2,811.53"
3/3/2021,"499,5","3870,29","2,814.86"
3/2/2021,525,"3901,82","2,775.05"
3/1/2021,"527,6","3811,15","2,767.26"
2/26/2021,518,"3829,34","2,788.01"
2/25/2021,"528,6","3925,43","2,809.65"
2/24/2021,"521,8","3881,37","2,796.14"
2/23/2021,"527,4","3876,5","2,802.27"
2/22/2021,"542,8","3906,71","2,826.79"
2/19/2021,"548,8","3913,97","2,823.69"
2/18/2021,"548,2","3931,33","2,821.85"
2/17/2021,"543,4","3932,59","2,807.21"
2/16/2021,549,"3934,83","2,806.07"
2/15/2021,559,"3916,38","2,775.34"
2/12/2021,"551,4","3909,88","2,761.82"
2/11/2021,515,"3911,23","2,722.64"
2/10/2021,"510,2","3915,59","2,728.56"
2/9/2021,"514,8","3886,83","2,706.48"
2/8/2021,"509,6","3871,74","2,741.68"
2/5/2021,"507,6","3830,17","2,768.25"
2/4/2021,"497,8","3826,31","2,783.70"
2/3/2021,"491,6","3773,86","2,726.91"
2/2/2021,"496,1","3714,24","2,760.26"
2/1/2021,"484,2","3787,38","2,802.40"
1/29/2021,470,"3750,77","2,789.21"
1/28/2021,"484,1","3849,62","2,788.11"
1/27/2021,"487,1","3855,36","2,806.47"
1/26/2021,"483,2","3841,47","2,802.92"
1/25/2021,493,"3853,07","2,815.98"
1/22/2021,"483,8","3851,85","2,828.15"
1/21/2021,"475,3","3798,91","2,829.67"
1/20/2021,"477,5","3768,25","2,818.85"
1/19/2021,483,"3795,54","2,807.16"
1/18/2021,"467,2","3809,84","2,800.68"
1/15/2021,"464,5","3801,19","2,798.55"
1/14/2021,"468,9","3799,61","2,795.89"
1/13/2021,"461,2","3824,68","2,773.45"
1/12/2021,461,"3803,79","2,757.66"
1/11/2021,"462,7","3748,14","2,737.93"
1/8/2021,"475,6","3726,86","2,731.95"
1/7/2021,"476,3","3700,65","2,697.88"
1/6/2021,472,"3756,07","2,661.69"
1/5/2021,"489,8","3732,04","2,710.60"
1/4/2021,"493,9","3727,04","2,694.42"
12/30/2020,"487,2","3735,36","2,754.12"
12/29/2020,"494,7","3703,06","2,756.87"
12/28/2020,486,"3690,01","2,755.66"
12/23/2020,485,"3687,26","2,765.57"
12/22/2020,"489,8","3694,92","2,761.48"
12/21/2020,"479,9","3709,41","2,732.48"
12/18/2020,"486,4","3722,48","2,713.49"
12/17/2020,"488,7","3701,17","2,714.81"
12/16/2020,"494,7","3694,62","2,738.09"
12/15/2020,485,"3647,49","2,739.87"
12/14/2020,"493,5","3663,46","2,734.40"
12/11/2020,"492,5","3668,1","2,730.05"
12/10/2020,"487,1","3672,82","2,753.31"
12/9/2020,"485,1","3702,25","2,734.19"
12/8/2020,"480,6","3691,96","2,699.51"
12/7/2020,477,"3699,12","2,684.18"
12/4/2020,474,"3666,72","2,670.04"
12/3/2020,"476,7","3669,01","2,690.04"
12/2/2020,488,"3662,45","2,690.04"
12/1/2020,"491,4","3621,63","2,686.06"
11/30/2020,508,"3638,35","2,682.18"
11/27/2020,"501,4","3629,65","2,676.80"
11/26/2020,"486,3","3635,41","2,659.27"
11/25/2020,"482,4","3577,59","2,659.04"
11/24/2020,"473,1","3557,54","2,651.41"
11/23/2020,"481,2","3581,87","2,643.07"
11/20/2020,"474,5","3567,79","2,644.97"
11/19/2020,"465,1","3609,53","2,666.30"
11/18/2020,"466,3","3626,91","2,674.87"
11/17/2020,480,"3585,15","2,654.79"
11/16/2020,481,"3537,01","2,643.74"
11/13/2020,"475,1","3572,66","2,619.43"
11/12/2020,"478,2","3545,53","2,621.89"
11/11/2020,466,"3550,5","2,628.58"
11/10/2020,"461,7","3509,44","2,627.53"
11/9/2020,"496,1","3510,45","2,642.05"
11/6/2020,"494,8","3443,44","2,635.88"
11/5/2020,"499,5","3369,16","2,639.66"
11/4/2020,"501,4","3310,24","2,621.28"
11/3/2020,"474,9","3269,96","2,613.91"
11/2/2020,460,"3310,11","2,609.01"
10/30/2020,"459,7","3271,03","2,583.14"
10/29/2020,456,"3390,68","2,601.45"
10/28/2020,"452,8","3400,97","2,590.15"
10/27/2020,"472,1","3465,39","2,589.67"
10/26/2020,"473,4","3453,49","2,587.19"
10/23/2020,"479,7","3435,56","2,546.90"
10/22/2020,"486,3","3443,12","2,540.02"
10/21/2020,"491,3","3426,92","2,546.31"
10/20/2020,"495,5","3483,81","2,543.36"
10/19/2020,"500,8","3483,34","2,558.43"
10/16/2020,"510,4","3488,67","2,561.50"
10/15/2020,"504,6","3511,93","2,529.29"
10/14/2020,"513,2","3534,22","2,509.24"
10/13/2020,"512,2","3477,13","2,528.25"
10/12/2020,"511,6","3446,83","2,507.10"
10/9/2020,509,"3419,45","2,502.06"
10/8/2020,"487,9","3360,95","2,470.05"
10/7/2020,"488,6","3408,63","2,466.58"
10/6/2020,486,"3348,44","2,416.61"
10/5/2020,"495,6","3380,8","2,369.27"
10/2/2020,"486,7",3363,"2,322.14"
10/1/2020,"493,7","3335,47","2,292.93"
9/30/2020,"480,8","3351,6","2,318.44"
9/29/2020,"486,4","3298,46","2,306.65"
9/28/2020,"484,7","3246,59","2,381.65"
9/25/2020,"466,4","3236,92","2,390.08"
9/24/2020,"465,2","3315,57","2,430.54"
9/23/2020,"473,3","3281,06","2,421.00"
9/22/2020,"473,1","3319,47","2,417.83"
9/21/2020,474,"3357,01","2,422.71"
9/18/2020,"491,9","3385,49","2,417.69"
9/17/2020,"482,1","3401,2","2,440.14"
9/16/2020,"479,1","3383,54","2,435.93"
9/15/2020,"472,8","3340,97","2,453.61"
9/14/2020,"460,7","3339,19","2,464.18"
9/11/2020,"457,5","3398,96","2,477.92"
9/10/2020,"454,5","3331,84","2,447.76"
9/9/2020,"452,8","3426,96","2,427.36"
9/8/2020,"444,3","3455,06","2,409.39"
9/7/2020,"451,9","3580,84","2,382.57"
9/4/2020,"438,9","3526,65","2,403.50"
9/3/2020,454,"3500,31","2,362.41"
9/2/2020,"460,3","3508,01","2,380.02"
9/1/2020,"449,9","3484,55","2,367.27"
8/31/2020,"451,9","3478,73","2,359.63"
8/28/2020,"443,8","3443,62","2,366.41"
8/27/2020,"448,5","3431,28","2,326.85"
8/26/2020,"446,2","3397,16","2,300.30"
8/25/2020,"435,8","3385,51","2,305.57"
8/24/2020,"433,8","3374,85","2,343.39"
8/21/2020,"435,1","3389,78","2,329.49"
8/20/2020,"435,2","3381,99","2,367.99"
8/19/2020,"435,6","3372,85","2,383.54"
8/18/2020,"410,1","3373,43","2,403.50"
8/17/2020,"409,8","3380,35","2,407.97"
8/14/2020,"404,4","3333,69","2,396.37"
8/13/2020,404,"3360,47","2,368.14"
8/12/2020,"409,9","3351,28","2,367.80"
8/11/2020,"403,5","3349,16","2,393.75"
8/10/2020,"396,1","3327,77","2,354.41"
8/7/2020,"403,6","3306,51","2,408.05"
8/6/2020,"399,6","3294,61","2,399.60"
8/5/2020,"394,6","3271,12","2,425.78"
8/4/2020,"382,6","3246,22","2,494.10"
8/3/2020,"396,5","3258,44","2,467.25"
7/31/2020,"385,5","3218,44","2,455.51"
7/30/2020,"386,5","3239,41","2,456.86"
7/29/2020,"394,1","3215,63","2,442.79"
7/28/2020,"389,2","3235,66","2,446.05"
7/27/2020,"384,7","3276,02","2,422.95"
7/24/2020,"380,4","3257,3","2,417.05"
7/23/2020,"390,1","3251,84","2,392.11"
7/22/2020,"392,3","3224,73","2,389.15"
7/21/2020,"391,7","3215,57","2,394.47"
7/20/2020,"389,6","3226,56","2,399.37"
7/17/2020,"379,3","3197,52","2,393.97"
7/16/2020,"377,2","3155,22","2,384.20"
7/15/2020,383,"3185,04","2,390.08"
7/14/2020,373,"3152,05","2,391.80"
7/13/2020,"377,3","3169,94","2,359.47"
7/10/2020,"375,5","3145,32","2,360.87"
7/9/2020,"379,4","3179,72","2,355.97"
7/8/2020,"376,5","3130,01","2,359.89"
7/7/2020,"370,4","3115,86","2,355.94"
7/6/2020,"375,4","3100,29","2,336.82"
7/3/2020,"367,9","3053,24","2,324.08"
7/2/2020,"365,6","3009,05","2,304.98"
7/1/2020,"358,5","3083,76","2,304.01"
6/30/2020,"353,4","3050,33","2,319.71"
6/29/2020,"360,2","3131,29","2,299.91"
6/26/2020,"357,5","3117,86","2,311.62"
6/25/2020,"355,2","3097,74","2,291.58"
6/24/2020,"361,9","3115,34","2,308.12"
6/23/2020,"368,1","3113,49","2,327.76"
6/22/2020,"364,6","3124,74","2,321.55"
6/19/2020,"370,2","3066,59","2,312.95"
6/18/2020,"358,5","3041,31","2,293.92"
6/17/2020,"365,5","3002,1","2,288.81"
6/16/2020,356,"3190,14","2,298.78"
6/15/2020,"347,8","3207,18","2,270.69"
6/12/2020,"351,8","3232,39","2,253.76"
6/11/2020,"351,8","3193,93","2,259.60"
6/10/2020,"358,8","3112,35","2,240.73"
6/9/2020,"359,7","3122,87","2,252.64"
6/8/2020,"366,7","3080,82","2,243.17"
6/4/2020,"364,6","3055,73","2,264.29"
6/3/2020,"362,3","3044,31","2,226.39"
6/2/2020,"359,9","3029,73","2,227.65"
5/29/2020,"361,7","3036,13","2,211.27"
5/28/2020,"350,1","2991,77","2,201.79"
5/27/2020,"337,2","2955,45","2,176.44"
5/26/2020,"350,1","2948,51","2,157.19"
5/25/2020,"357,4","2971,61","2,193.40"
5/20/2020,"344,9","2922,94","2,180.12"
5/19/2020,"337,9","2953,91","2,236.04"
5/18/2020,"330,6","2863,7","2,217.82"
5/15/2020,"320,2","2852,5","2,208.97"
5/14/2020,"318,6",2820,"2,215.64"
5/13/2020,"334,6","2870,12","2,217.90"
5/12/2020,"338,8","2930,32","2,219.10"
5/11/2020,"351,7","2929,8","2,171.44"
5/7/2020,"340,8","2881,19","2,164.46"
5/6/2020,"333,3","2848,42","2,154.44"
5/5/2020,"313,6","2868,44","2,267.36"
5/4/2020,"298,1","2842,74","2,275.28"
5/1/2020,"296,9","2830,71","2,288.04"
4/30/2020,"311,3","2912,43","2,266.76"
4/29/2020,315,"2939,51","2,218.50"
4/28/2020,"335,9","2863,39","2,222.54"
4/27/2020,"334,5","2878,48","2,187.09"
4/24/2020,"331,1","2836,74","2,163.92"
4/23/2020,"336,4","2797,8","2,147.88"
4/22/2020,"325,1","2799,31","2,148.33"
4/21/2020,"329,9","2736,56","2,136.90"
4/20/2020,"333,6","2823,16","2,114.27"
4/17/2020,"327,7","2874,56","2,081.83"
4/16/2020,323,"2799,55","2,071.90"
4/15/2020,"316,4","2783,36","2,074.10"
4/14/2020,"323,8","2846,06","2,092.03"
4/8/2020,"316,6","2761,63","2,061.37"
4/7/2020,"320,3","2789,82","2,069.00"
4/6/2020,"308,1","2749,98","2,008.41"
4/3/2020,"290,3","2659,41","1,999.89"
4/2/2020,"289,5","2663,68","1,998.48"
4/1/2020,293,"2488,65","2,034.06"
3/31/2020,"303,8","2526,9","2,060.70"
3/30/2020,"282,9","2470,5","2,061.89"
3/27/2020,280,"2584,59","2,026.12"
3/26/2020,"286,9","2626,65","2,007.60"
3/25/2020,"270,6","2541,47","2,018.11"
3/24/2020,"254,6","2630,07","1,997.75"
3/23/2020,"248,1","2475,56","2,004.79"
3/20/2020,"267,7","2447,33","2,052.85"
3/19/2020,"252,2","2237,4","2,070.76"
3/18/2020,245,"2304,92","2,023.35"
3/17/2020,"238,4","2409,39","2,022.49"
3/16/2020,"252,6","2398,1","1,987.65"
3/13/2020,"272,8","2529,19","1,974.38"
3/12/2020,"286,7","2386,13","1,968.27"
3/11/2020,"320,1","2711,02","1,932.25"
3/10/2020,340,"2480,64","1,994.03"
3/9/2020,"349,2","2741,38","2,017.51"
3/6/2020,"369,7","2882,23","1,964.33"
3/5/2020,"370,2","2746,56","1,960.20"
3/4/2020,"372,7","2972,37","2,006.81"
3/3/2020,"385,6","3023,94","1,956.75"
3/2/2020,"376,5","3130,12","1,971.95"
2/28/2020,375,"3003,37","1,970.67"
2/27/2020,"381,1","3090,23","1,940.08"
2/26/2020,390,"2954,22","1,895.04"
2/25/2020,"384,8","2978,76","1,881.48"
2/24/2020,"387,6","3116,39","1,776.86"
2/21/2020,"401,9","3128,21","1,803.07"
2/20/2020,"408,3","3225,89","1,781.27"
2/19/2020,410,"3337,75","1,852.73"
2/18/2020,400,"3373,23","1,870.48"
2/17/2020,"394,6","3386,15","1,827.17"
2/14/2020,395,"3370,29","1,875.56"
2/13/2020,393,"3380,16","1,785.99"
2/12/2020,390,"3373,94","1,742.61"
2/11/2020,390,"3379,45","1,602.11"
2/10/2020,"376,5","3357,75","1,650.94"
2/7/2020,376,"3352,09","1,694.45"
2/6/2020,"372,5","3327,71","1,682.25"
2/5/2020,"373,5","3345,78","1,772.93"
2/4/2020,"343,3","3334,69","1,702.79"
2/3/2020,337,"3297,59","1,881.64"
1/31/2020,"334,9","3248,92","1,776.52"
1/30/2020,"341,7","3225,52","1,972.04"
1/29/2020,"347,7","3283,66","2,051.96"
1/28/2020,"343,8","3273,4","1,995.22"
1/27/2020,"342,3","3276,24","2,149.29"
1/24/2020,"346,1","3243,63","2,192.35"
1/23/2020,342,"3295,47","2,243.09"
1/22/2020,343,"3325,54","2,179.48"
1/21/2020,336,"3321,75","2,212.38"
1/20/2020,"335,9","3320,79","2,141.12"
1/17/2020,"334,4","3329,62","2,177.25"
1/16/2020,"327,8","3316,81","2,258.62"
1/15/2020,"332,2","3289,29","2,269.42"
1/14/2020,"324,9","3283,15","2,330.75"
1/13/2020,"322,6","3288,13","2,402.80"
1/10/2020,"319,5","3265,35","2,420.21"
1/9/2020,"315,6","3274,7","2,431.22"
1/8/2020,311,"3253,05","2,421.47"
1/7/2020,"302,7","3237,18","2,430.69"
1/6/2020,"306,4","3246,28","2,431.37"
1/3/2020,"308,3","3234,85","2,429.89"
1/2/2020,315,"3257,85","2,434.95"
12/30/2019,"313,3","3230,78","2,421.26"
12/27/2019,"318,3","3221,29","2,413.10"
12/23/2019,"315,5","3240,02","2,404.75"
12/20/2019,312,"3239,91","2,416.48"
12/19/2019,309,"3223,38","2,404.96"
12/18/2019,"307,1","3224,01","2,383.30"
12/17/2019,309,"3221,22","2,351.45"
12/16/2019,"313,8","3205,37","2,342.41"
12/13/2019,306,"3191,14","2,372.01"
12/12/2019,"305,4","3192,52","2,373.52"
12/11/2019,"304,3","3191,45","2,372.52"
12/10/2019,"312,2","3168,8","2,356.09"
12/9/2019,"308,9","3168,57","2,395.31"
12/6/2019,"315,7","3141,63","2,406.14"
12/5/2019,"314,2","3132,52","2,410.23"
12/4/2019,"315,1","3135,96","2,409.29"
12/3/2019,"312,8","3145,91","2,415.03"
12/2/2019,"311,2","3117,43","2,415.51"
11/29/2019,"319,5","3112,76","2,406.17"
11/28/2019,"314,7","3093,2","2,392.06"
11/27/2019,"315,7","3113,87","2,388.50"
11/26/2019,313,"3140,98","2,388.25"
11/25/2019,"315,8","3153,63","2,377.62"
11/22/2019,"306,9","3140,52","2,379.85"
11/21/2019,"301,6","3133,64","2,366.93"
11/20/2019,"304,2","3110,29","2,362.43"
11/19/2019,"305,8","3103,54","2,364.49"
11/18/2019,312,"3108,46","2,363.12"
11/15/2019,"309,8","3120,18","2,375.94"
11/14/2019,"307,7","3122,03","2,358.48"
11/13/2019,"306,4","3120,46","2,358.47"
11/12/2019,304,"3096,63","2,353.25"
11/11/2019,"307,2","3094,04","2,364.90"
11/8/2019,"305,9","3091,84","2,360.21"
11/7/2019,"306,6","3087,01","2,351.22"
11/6/2019,"297,2","3093,08","2,351.84"
11/5/2019,294,"3085,18","2,350.75"
11/4/2019,"292,9","3076,78","2,349.87"
11/1/2019,"294,1","3074,62","2,340.65"
10/31/2019,"294,4","3078,27","2,333.28"
10/30/2019,"283,3","3066,91","2,336.62"
10/29/2019,"271,3","3037,56","2,337.45"
10/28/2019,275,"3046,77","2,319.73"
10/25/2019,"275,7","3036,89","2,309.36"
10/24/2019,"271,9","3039,42","2,295.02"
10/23/2019,"268,2","3022,55","2,289.67"
10/22/2019,271,"3010,29","2,292.58"
10/21/2019,"265,9","3004,52","2,296.39"
10/18/2019,"267,8","2995,99","2,278.63"
10/17/2019,"275,9","3006,72","2,275.47"
10/16/2019,"274,8","2986,2","2,263.10"
10/15/2019,"280,9","2997,95","2,276.40"
10/14/2019,"274,1","2989,69","2,292.26"
10/11/2019,"268,4","2995,68","2,301.79"
10/10/2019,264,"2966,15","2,302.67"
10/9/2019,"270,2","2970,27","2,294.78"
10/8/2019,"274,6","2938,13","2,290.65"
10/7/2019,275,"2919,4","2,273.89"
10/4/2019,"274,7","2893,06","2,270.36"
10/3/2019,"271,5","2938,79","2,274.92"
10/2/2019,"268,8","2952,01","2,284.85"
10/1/2019,"279,2","2910,63","2,285.76"
9/30/2019,"278,1","2887,61","2,282.80"
9/27/2019,281,"2940,25","2,265.29"
9/26/2019,"284,2","2976,74","2,268.33"
9/25/2019,280,"2961,79","2,270.01"
9/24/2019,"285,9","2977,62","2,266.36"
9/23/2019,"281,5","2984,87","2,268.83"
9/20/2019,"280,4","2966,6","2,266.69"
9/19/2019,"286,3","2991,78","2,261.37"
9/18/2019,"288,6","2992,07","2,259.26"
9/17/2019,"284,3","3006,79","2,261.45"
9/16/2019,"286,6","3006,73","2,252.07"
9/13/2019,"285,4","3005,7","2,233.53"
9/12/2019,"278,1","2997,96","2,237.31"
9/11/2019,"278,2","3007,39","2,232.45"
9/10/2019,"276,2","3009,57","2,231.40"
9/9/2019,"284,4","3000,93","2,222.75"
9/6/2019,"289,4","2979,39","2,215.64"
9/5/2019,"290,9","2978,43","2,208.28"
9/4/2019,287,"2978,71","2,204.29"
9/3/2019,"288,4",2976,"2,209.34"
9/2/2019,"293,7","2937,78","2,195.28"
8/30/2019,284,"2906,27","2,201.92"
8/29/2019,"275,3","2926,46","2,195.35"
8/28/2019,"283,2","2924,58","2,196.61"
8/27/2019,"288,2","2887,94","2,175.28"
8/26/2019,"280,6","2869,16","2,179.33"
8/23/2019,295,"2878,38","2,150.16"
8/22/2019,"305,6","2847,11","2,137.62"
8/21/2019,"310,7","2922,95","2,124.15"
8/20/2019,"302,8","2924,43","2,151.82"
8/19/2019,"300,3","2900,51","2,153.83"
8/16/2019,"300,6","2923,65","2,131.36"
8/15/2019,"293,6","2888,68","2,121.47"
8/14/2019,"294,1","2847,6","2,158.47"
8/13/2019,"299,5","2840,6","2,180.02"
8/12/2019,"308,5","2926,32","2,175.54"
8/9/2019,"307,9","2883,75","2,183.46"
8/8/2019,"310,8","2918,65","2,184.56"
8/7/2019,"311,5","2938,09","2,182.07"
8/6/2019,"307,3","2883,98","2,193.74"
8/5/2019,"308,9","2881,77","2,197.55"
8/2/2019,"320,2","2844,74","2,204.67"
8/1/2019,"326,2","2932,05","2,201.02"
7/31/2019,"321,1","2953,56","2,201.77"
7/30/2019,"318,5","2980,38","2,195.88"
7/29/2019,"318,6","3013,18","2,205.81"
7/26/2019,"316,9","3020,97","2,201.81"
7/25/2019,"324,5","3025,86","2,194.42"
7/24/2019,"320,7","3003,67","2,179.43"
7/23/2019,"315,6","3019,56","2,178.41"
7/22/2019,318,"3005,47","2,178.90"
7/19/2019,318,"2985,03","2,174.27"
7/18/2019,"324,7","2976,61","2,149.80"
7/17/2019,"327,9","2995,11","2,126.92"
7/16/2019,"328,3","2984,42","2,136.58"
7/15/2019,"326,2","3004,04","2,138.52"
7/12/2019,"321,3","3014,3","2,133.08"
7/11/2019,"328,1","3013,77","2,111.92"
7/10/2019,"321,1","2999,91","2,104.85"
7/9/2019,"317,9","2993,07","2,105.22"
7/8/2019,"318,6","2979,63","2,094.63"
7/5/2019,"318,2","2975,95","2,131.68"
7/4/2019,"324,7","2990,41","2,135.52"
7/3/2019,"329,3","2995,82","2,119.57"
7/2/2019,"322,1","2973,01","2,131.81"
7/1/2019,"319,9","2964,33","2,108.50"
6/28/2019,"306,3","2941,76","2,082.84"
6/27/2019,305,"2924,92","2,086.26"
6/26/2019,"306,9","2913,78","2,134.54"
6/25/2019,"311,6","2917,38","2,117.73"
6/24/2019,"315,2","2945,35","2,135.34"
6/21/2019,"315,8","2950,46","2,146.91"
6/20/2019,"321,7","2954,18","2,114.05"
6/19/2019,"320,9","2926,46","2,109.20"
6/18/2019,"321,9","2917,75","2,097.32"
6/17/2019,322,"2889,67","2,149.99"
6/14/2019,"321,5","2886,98","2,173.18"
6/13/2019,"324,9","2891,64","2,187.56"
6/12/2019,"328,5","2879,84","2,203.40"
6/11/2019,"312,3","2885,72","2,212.50"
6/7/2019,"321,1","2886,73","2,215.71"
6/6/2019,314,"2873,34","2,206.92"
6/4/2019,"310,7","2843,49","2,217.75"
6/3/2019,"315,4","2826,15","2,209.59"
5/29/2019,"314,8","2803,27","2,197.67"
5/28/2019,"327,2","2744,45","2,194.61"
5/27/2019,"324,8","2752,06","2,198.40"
5/24/2019,"329,4","2788,86","2,197.94"
5/23/2019,330,"2783,02","2,208.09"
5/22/2019,"336,1","2802,39","2,214.34"
5/21/2019,"332,2","2826,06","2,212.65"
5/20/2019,"326,7","2822,24","2,205.35"
5/16/2019,337,"2856,27","2,201.14"
5/15/2019,324,"2864,36","2,193.65"
5/14/2019,"314,4","2840,23","2,194.62"
5/13/2019,"306,9","2859,53","2,205.57"
5/10/2019,"316,6","2876,32","2,215.17"
5/9/2019,"319,8","2850,96","2,213.35"
5/8/2019,"319,9","2834,41","2,198.55"
5/7/2019,"319,2","2811,87","2,192.24"
5/6/2019,"317,8","2881,4","2,178.35"
5/3/2019,"321,8","2870,72","2,166.48"
5/2/2019,"317,5","2879,42","2,158.41"
5/1/2019,325,"2884,05","2,163.73"
4/30/2019,"340,7","2932,47","2,178.17"
4/29/2019,"342,9","2945,64","2,178.16"
4/26/2019,342,"2917,52","2,183.36"
4/25/2019,"332,7","2923,73","2,161.60"
4/24/2019,"336,2","2945,83","2,150.91"
4/23/2019,"333,6","2943,03","2,130.86"
4/17/2019,328,"2939,88","2,130.95"
4/16/2019,"339,6","2926,17","2,136.96"
4/15/2019,335,"2927,25","2,134.42"
4/12/2019,"336,3","2933,68","2,139.74"
4/11/2019,"312,1","2907,97","2,135.51"
4/10/2019,"314,5","2905,03","2,126.88"
4/9/2019,"313,8","2900,45","2,104.18"
4/8/2019,312,"2907,06","2,095.83"
4/5/2019,"311,9","2905,58","2,077.66"
4/4/2019,"308,9","2907,41","2,045.06"
4/3/2019,"317,7","2888,32","2,046.25"
4/2/2019,"313,3","2888,21","2,066.48"
4/1/2019,"311,2","2878,2","2,064.80"
3/29/2019,309,"2895,77","2,084.57"
3/28/2019,308,"2892,74","2,096.43"
3/27/2019,"301,5","2879,39","2,095.03"
3/26/2019,318,"2873,4","2,087.46"
3/25/2019,311,"2867,24","2,111.78"
3/22/2019,"310,9","2867,19","2,117.66"
3/21/2019,"312,7","2834,4","2,104.64"
3/20/2019,"314,8","2815,44","2,116.50"
3/19/2019,"314,3","2805,37","2,126.06"
3/18/2019,"309,2","2818,46","2,110.40"
3/15/2019,"312,6","2798,36","2,098.76"
3/14/2019,313,"2800,71","2,086.46"
3/13/2019,"309,4","2854,88","2,126.32"
3/12/2019,"309,6","2824,23","2,119.31"
3/11/2019,"311,1","2832,57","2,131.90"
3/8/2019,"308,9","2832,94","2,135.49"
3/7/2019,309,"2822,48","2,166.66"
3/6/2019,"310,7","2808,48","2,177.77"
3/5/2019,"313,5","2810,92","2,161.11"
3/4/2019,"313,6","2791,52","2,170.03"
3/1/2019,"313,1","2783,3","2,178.67"
2/28/2019,"316,1","2743,07","2,175.59"
2/27/2019,324,"2748,93","2,173.82"
2/26/2019,"286,6","2771,45","2,165.36"
2/25/2019,283,"2789,65","2,168.81"
2/22/2019,"281,6","2792,81","2,174.39"
2/21/2019,"280,3","2803,69","2,161.58"
2/20/2019,"284,7","2784,49","2,160.36"
2/19/2019,"285,9","2792,38","2,160.21"
2/18/2019,"296,8","2793,9","2,160.94"
2/15/2019,299,"2796,11","2,163.08"
2/14/2019,302,"2792,67","2,161.14"
2/13/2019,"305,8","2774,88","2,159.39"
2/12/2019,"305,7","2784,7","2,147.61"
2/11/2019,"293,4","2779,76","2,147.99"
2/8/2019,287,"2775,6","2,143.20"
2/7/2019,"289,6","2745,73","2,152.89"
2/6/2019,"289,4","2753,03","2,149.85"
2/5/2019,291,"2744,73","2,142.75"
2/4/2019,"281,4","2709,8","2,143.02"
2/1/2019,"278,7","2707,88","2,131.71"
1/31/2019,"280,8","2706,05","2,131.79"
1/30/2019,"282,7","2731,61","2,107.74"
1/29/2019,290,"2737,7","2,095.18"
1/28/2019,290,"2724,87","2,094.02"
1/25/2019,"290,5","2706,53","2,102.62"
1/24/2019,"286,9","2704,1","2,087.06"
1/23/2019,"289,2","2681,05","2,094.81"
1/22/2019,"291,4",2640,"2,127.93"
1/21/2019,"285,7","2643,85","2,112.05"
1/18/2019,"279,5","2664,76","2,121.47"
1/17/2019,"279,8","2642,33","2,117.99"
1/16/2019,"281,4","2638,7","2,108.78"
1/15/2019,"273,9","2632,9","2,096.32"
1/14/2019,"270,6","2670,71","2,095.67"
1/11/2019,"275,6","2635,96","2,083.38"
1/10/2019,"277,6","2616,1","2,074.66"
1/9/2019,"276,8","2610,3","2,051.12"
1/8/2019,"276,1","2582,61","2,061.41"
1/7/2019,"265,3","2596,26","2,078.69"
1/4/2019,"260,7","2596,64","2,087.50"
1/3/2019,247,"2584,96","2,090.40"
1/2/2019,"255,6","2574,41","2,096.35"
12/28/2018,"243,3","2549,69","2,085.84"
12/27/2018,"241,7","2531,94","2,092.12"
12/21/2018,"244,6","2447,89","2,091.70"
12/20/2018,"239,6","2510,03","2,091.83"
12/19/2018,"258,1","2506,85","2,086.97"
12/18/2018,"256,1","2485,74","2,077.44"
12/17/2018,255,"2488,83","2,083.64"
12/14/2018,"250,1","2467,7","2,075.91"
12/13/2018,"249,3","2351,1","2,072.62"
12/12/2018,"254,9","2416,62","2,066.58"
12/11/2018,"249,5","2467,42","2,047.56"
12/10/2018,"250,6","2506,96","2,052.76"
12/7/2018,"245,2","2546,16","2,045.12"
12/6/2018,"243,8","2545,94","2,021.60"
12/5/2018,"245,3","2599,95","2,020.53"
12/4/2018,"239,3","2650,54","2,026.94"
12/3/2018,"237,8","2651,07","2,047.11"
11/30/2018,"230,3","2636,78","2,051.36"
11/29/2018,"236,2","2637,72","2,037.76"
11/28/2018,227,"2633,08","2,029.55"
11/27/2018,"233,2","2695,95","2,028.49"
11/26/2018,238,"2700,06","2,010.95"
11/23/2018,252,"2790,37","1,989.60"
11/22/2018,"245,3","2760,17","1,989.18"
11/21/2018,"241,7","2737,76","2,001.86"
11/20/2018,245,"2743,79","1,983.23"
11/19/2018,"259,3","2682,17","1,980.15"
11/16/2018,"263,6","2673,45","1,978.83"
11/15/2018,"256,9","2632,56","2,000.77"
11/14/2018,"266,6","2649,93","2,000.76"
11/13/2018,"279,3","2641,89","1,975.61"
11/12/2018,"281,7","2690,73","1,966.50"
11/9/2018,"287,2","2736,27","1,963.61"
11/8/2018,"281,4","2730,2","1,948.16"
11/7/2018,"274,9","2701,58","1,957.17"
11/6/2018,"279,6","2722,18","1,957.69"
11/5/2018,"282,6","2726,22","1,950.99"
11/2/2018,"281,5","2781,01","1,935.79"
11/1/2018,"278,2","2806,83","1,919.75"
10/31/2018,"279,7","2813,89","1,904.18"
10/30/2018,"274,9","2755,45","1,853.18"
10/29/2018,274,"2738,31","1,881.15"
10/26/2018,"270,4","2723,06","1,883.93"
10/25/2018,270,"2740,37","1,883.90"
10/24/2018,"272,6","2711,74","1,870.80"
10/23/2018,"273,9","2682,63","1,862.38"
10/22/2018,"281,4","2641,25","1,850.70"
10/19/2018,"281,1","2658,69","1,795.28"
10/18/2018,"282,8","2705,57","1,802.95"
10/17/2018,"273,7","2656,1","1,834.97"
10/16/2018,"280,8","2740,69","1,862.82"
10/15/2018,"268,4","2755,88","1,892.71"
10/12/2018,"275,4","2767,78","1,908.16"
10/11/2018,265,"2768,78","1,914.33"
10/10/2018,"263,3","2809,21","1,942.55"
10/9/2018,"270,3","2809,92","1,974.41"
10/8/2018,273,"2750,79","1,975.88"
10/5/2018,"297,3","2767,13","1,954.65"
10/4/2018,"295,4","2728,37","1,952.83"
10/3/2018,"309,7","2785,68","1,965.24"
10/2/2018,"312,6","2880,34","1,990.85"
10/1/2018,"315,2","2884,43","2,008.63"
9/28/2018,"312,9","2885,57","2,016.89"
9/27/2018,315,"2901,61","2,066.62"
9/26/2018,"316,3","2925,51","2,041.36"
9/25/2018,"320,6","2923,43","2,034.89"
9/24/2018,"317,2","2924,59","2,029.78"
9/21/2018,320,"2913,98","2,000.07"
9/20/2018,"315,9",2914,"1,999.20"
9/19/2018,"315,7","2905,97","1,975.09"
9/18/2018,"315,4","2915,56","1,984.03"
9/17/2018,"323,2","2919,37","1,984.73"
9/14/2018,"329,6","2929,67","1,976.91"
9/13/2018,"329,5","2930,75","2,009.61"
9/12/2018,330,"2907,95","2,031.76"
9/11/2018,328,"2904,31","2,026.30"
9/10/2018,"326,4","2888,8","2,015.14"
9/7/2018,"332,6","2904,98","2,026.52"
9/6/2018,331,"2904,18","2,028.62"
9/5/2018,"330,3","2888,92","2,063.16"
9/4/2018,"337,4","2887,89","2,082.47"
9/3/2018,"340,4","2877,13","2,084.45"
8/31/2018,"333,1","2871,68","2,050.65"
8/30/2018,"334,2","2878,05","2,040.68"
8/29/2018,"332,7","2888,6","2,036.70"
8/28/2018,335,"2896,72","2,040.93"
8/27/2018,336,"2901,52","2,021.98"
8/24/2018,"331,9","2901,13","1,997.19"
8/23/2018,"332,7","2914,04","1,975.70"
8/22/2018,"329,4","2897,52","1,981.89"
8/21/2018,"306,5","2896,74","2,006.27"
8/20/2018,"306,4","2874,69","1,988.62"
8/17/2018,"315,3","2856,98","2,033.89"
8/16/2018,"320,3","2861,82","2,053.44"
8/15/2018,311,"2862,96","2,062.33"
8/14/2018,"323,5","2857,05","2,064.47"
8/13/2018,"321,5","2850,13","2,089.50"
8/10/2018,"305,1","2840,69","2,091.21"
8/9/2018,305,"2818,37","2,055.11"
8/8/2018,"308,8","2839,96","2,063.43"
8/7/2018,"315,4","2821,93","2,044.95"
8/6/2018,"316,5","2833,28","2,089.10"
8/3/2018,"314,4","2853,58","2,138.46"
8/2/2018,"311,5","2857,7","2,143.56"
8/1/2018,"309,2","2858,45","2,151.42"
7/31/2018,304,"2850,4","2,165.43"
7/30/2018,"308,1","2840,35","2,183.63"
7/27/2018,"309,1","2827,22","2,183.62"
7/26/2018,"310,2","2813,36","2,188.18"
7/25/2018,"305,8","2816,29","2,184.01"
7/24/2018,304,"2802,6","2,188.71"
7/23/2018,"301,4","2818,82","2,189.31"
7/20/2018,303,"2837,44","2,194.20"
7/19/2018,"302,7","2846,07","2,193.01"
7/18/2018,"297,5","2820,4","2,200.01"
7/17/2018,298,"2806,98","2,195.68"
7/16/2018,"292,1","2801,83","2,177.74"
7/13/2018,"288,7","2804,49","2,172.27"
7/12/2018,"292,3","2815,62","2,160.53"
7/11/2018,"286,7","2809,55","2,166.59"
7/10/2018,295,"2798,43","2,162.68"
7/9/2018,"294,5","2801,31","2,152.70"
7/6/2018,"294,3","2798,29","2,147.67"
7/5/2018,"294,3","2774,02","2,142.64"
7/4/2018,"292,5","2793,84","2,137.60"
7/3/2018,"290,5","2784,17","2,144.03"
7/2/2018,"289,9","2759,82","2,152.77"
6/29/2018,"290,8","2736,61","2,162.83"
6/28/2018,"285,2","2713,22","2,173.42"
6/27/2018,"291,9","2726,71","2,175.50"
6/26/2018,"289,1","2718,37","2,181.56"
6/25/2018,291,"2716,31","2,190.75"
6/22/2018,"293,6","2699,63","2,182.50"
6/21/2018,"293,3","2723,06","2,179.95"
6/20/2018,"290,8","2717,07","2,161.61"
6/19/2018,"287,1","2754,88","2,149.22"
6/18/2018,"283,9","2749,76","2,155.99"
6/15/2018,"284,3","2767,32","2,151.79"
6/14/2018,282,"2762,59","2,145.24"
6/13/2018,"251,4","2773,75","2,138.11"
6/12/2018,"249,6","2779,66","2,131.05"
6/11/2018,"247,4","2782,49","2,115.70"
6/8/2018,"245,2","2775,63","2,137.36"
6/7/2018,"249,4","2786,85","2,127.47"
6/6/2018,251,2782,"2,139.84"
6/4/2018,"248,7","2779,03","2,163.69"
6/1/2018,"244,8","2770,37","2,166.15"
5/31/2018,"243,1","2772,35","2,166.85"
5/30/2018,245,"2748,8","2,157.34"
5/29/2018,"241,3","2746,87","2,155.39"
5/28/2018,"243,2","2734,62","2,147.58"
5/25/2018,"245,5","2705,27","2,149.36"
5/24/2018,"240,6","2724,01","2,153.10"
5/23/2018,"238,7","2689,86","2,148.25"
5/22/2018,"239,8","2721,33","2,156.11"
5/18/2018,"240,7","2727,76","2,161.93"
5/17/2018,"242,6","2733,29","2,161.76"
5/16/2018,"243,3","2724,44","2,151.08"
5/15/2018,"245,1","2733,01","2,139.44"
5/14/2018,247,"2712,97","2,139.17"
5/9/2018,"245,4","2720,13","2,134.84"
5/8/2018,"243,2","2722,46","2,142.24"
5/7/2018,"244,3","2711,45","2,138.15"
5/4/2018,"238,9","2730,13","2,132.79"
5/3/2018,"235,9","2727,72","2,134.60"
5/2/2018,"236,5","2723,07","2,130.86"
5/1/2018,"221,1","2697,79","2,117.30"
4/30/2018,"217,4","2671,92","2,135.87"
4/26/2018,"215,3","2672,63","2,131.14"
4/25/2018,211,"2663,42","2,113.74"
4/24/2018,"212,9","2629,73","2,096.19"
4/23/2018,"212,7","2635,67","2,082.17"
4/20/2018,"210,7","2654,8","2,082.05"
4/19/2018,"211,4","2648,05","2,082.08"
4/18/2018,"213,9","2669,91","2,089.30"
4/17/2018,"213,8","2666,94","2,079.62"
4/16/2018,"209,7","2639,4","2,076.30"
4/13/2018,"207,8","2634,56","2,088.41"
4/12/2018,"208,7","2670,29","2,085.59"
4/11/2018,"203,2","2670,14","2,114.90"
4/10/2018,"204,8","2693,13","2,105.93"
4/9/2018,"202,6","2708,64","2,117.76"
4/6/2018,"202,5","2706,39","2,111.44"
4/5/2018,"204,9","2677,84","2,125.79"
4/4/2018,"202,1","2656,3","2,134.15"
4/3/2018,"212,6","2663,99","2,142.02"
3/28/2018,"213,4","2642,19","2,140.20"
3/27/2018,"212,5","2656,87","2,145.36"
3/26/2018,"211,5","2613,16","2,144.20"
3/23/2018,"213,6","2604,47","2,137.74"
3/22/2018,"214,2","2662,84","2,137.57"
3/21/2018,"218,1","2644,69","2,136.74"
3/20/2018,"220,3","2614,45","2,119.36"
3/19/2018,"220,3","2581,88","2,121.86"
3/16/2018,"221,8","2640,87","2,109.19"
3/15/2018,"223,1",2605,"2,092.92"
3/14/2018,"221,8","2612,62","2,100.42"
3/13/2018,222,"2658,55","2,083.27"
3/12/2018,"222,6","2588,26","2,107.14"
3/9/2018,"220,2","2643,69","2,110.80"
3/8/2018,"218,3","2711,93","2,117.73"
,,,"2,122.90"
,,,"2,128.78"
,,,"2,130.72"
,,,"2,120.80"
,,,"2,125.56"
,,,"2,122.97"
,,,"2,119.98"
,,,"2,136.09"
,,,"2,131.96"
,,,"2,123.53"
,,,"2,109.84"
,,,"2,095.07"
,,,"2,096.86"
,,,"2,089.44"
,,,"2,071.37"
,,,"2,076.69"
,,,"2,083.77"
,,,"2,086.51"
,,,"2,096.05"
,,,"2,092.44"
,,,"2,076.74"
,,,"2,081.52"
,,,"2,097.22"
,,,"2,099.73"
,,,"2,115.93"
,,,"2,123.77"
,,,"2,116.43"
,,,"2,099.82"
,,,"2,088.98"
,,,"2,090.89"
,,,"2,082.57"
,,,"2,090.11"
,,,"2,061.19"
,,,"2,052.78"
,,,"2,080.69"
,,,"2,061.31"
,,,"2,048.80"
,,,"2,038.54"
,,,"2,066.85"
,,,"2,065.53"
,,,"2,047.75"
,,,"2,055.55"
,,,"2,069.13"
,,,"2,036.55"
,,,"2,072.94"
,,,"2,109.18"
,,,"2,110.91"
,,,"2,110.40"
,,,"2,134.05"
,,,"2,133.35"
,,,"2,134.51"
,,,"2,144.60"
,,,"2,154.26"
,,,"2,149.32"
,,,"2,125.28"